{
  "generation": 142,
  "fitness": 0.33333333333333337,
  "weights": {
    "W_ACTIVE_CLEFABLE_CAPE": 5.81225901360132,
    "W_ACTIVE_CLEFABLE_E0": -34.14602405973556,
    "W_ACTIVE_CLEFABLE_E1": 0.0008891794135976143,
    "W_ACTIVE_CLEFABLE_E2": 88.50873384570632,
    "W_ACTIVE_CLEFAIRY_CAPE": 0.0003736493093581585,
    "W_ACTIVE_NONA_CAPE": -0.0058900284394789015,
    "W_ATTACKER_1": 0.00027089804544340327,
    "W_ATTACKER_2": 0.030391333384423114,
    "W_ATTACKER_3": 0.416494620370357,
    "W_ATTACKER_DAMAGE": -5.3009459473119966e-05,
    "W_ATTACK_WITH_TRAINERS": -0.00014689852019023034,
    "W_BENCH_ATTACKER_READY": 0.0002559494030941168,
    "W_BENCH_CLEFABLE_CAPE": 0.019361216787164955,
    "W_BENCH_CLEFAIRY_CAPE": 0.08078391823873085,
    "W_BENCH_ENERGY": 3.097657038888258e-05,
    "W_BENCH_NONA_CAPE": -0.1177734993538247,
    "W_DAWN_LIVE": 0.1516460750006857,
    "W_DECK_CRIT_PENALTY": 0.0018286538130169415,
    "W_DECK_LOW_PENALTY": 0.001545083394514753,
    "W_DMG_PROGRESS": 0.006609943197639448,
    "W_DUDUNSPARCE_HAND": 0.0012985203130244961,
    "W_DUNSPARCE": 0.0028340167102303172,
    "W_DUNSPARCE_ENERGY": -0.014564211340929875,
    "W_ENERGY_RETRIEVAL_LIVE": 0.03409818299081705,
    "W_ENGINE_COMPLETE": 1.3075668560421092,
    "W_E_A1_E1": 0.0006254679615245249,
    "W_E_A1_E2": 6.935168009549828,
    "W_E_A2_E1": 0.018659729066444558,
    "W_E_A2_E2": 0.17054560797094814,
    "W_E_EXCESS": -2.5446810622585594,
    "W_GAME_POINT": 0.04211808843679894,
    "W_HAND_TIER1": 0.0011947810070279683,
    "W_HAND_TIER2": 0.00028929918929610594,
    "W_KO_FLAT": 0.12658735222323916,
    "W_KO_PER_PRIZE": 0.2630355536196152,
    "W_MEGA_CLEFABLE_EX": 0.0007920673578791435,
    "W_NIGHT_STRETCHER_LIVE": 0.07231550274879776,
    "W_NONATT_ACTIVE_LATE": -16.600132589811693,
    "W_ONE_ENERGY_AWAY": 0.010962138267849846,
    "W_OPP_BENCH_PENALTY": 9.984034950520854e-05,
    "W_OPP_ENERGY_IN_PLAY": -0.10052604329120707,
    "W_POKE_PAD_HAND": 0.00028652794140540677,
    "W_PRIZE_DIFF": 0.002208130319205509,
    "W_PRIZE_LEAD_MOMENTUM": 0.034554190711822697,
    "W_PSYCHIC_IN_HAND": 0.011283046599799559,
    "W_SMALL_HAND_SUPPORTER": 0.22495898642846027,
    "W_SMOOCHUM_ACTIVE": 0.00022495278992356487,
    "W_SMOOCHUM_PLAY": 0.00034914891510992303,
    "W_WASTED_ENERGY": -0.7186217054657196
  }
}