{
  "generation": 8,
  "win_rate": 0.9,
  "weights": {
    "W_ACTIVE_CLEFABLE_CAPE": 1.7959309437193969,
    "W_ACTIVE_CLEFABLE_E0": -3.361476759923548,
    "W_ACTIVE_CLEFABLE_E1": 8.730940766051065,
    "W_ACTIVE_CLEFABLE_E2": 1.0058980285858747,
    "W_ACTIVE_CLEFAIRY_CAPE": 0.11406718658917933,
    "W_ACTIVE_NONA_CAPE": -2.4423094444470297,
    "W_ATTACKER_1": 4.289933691585079,
    "W_ATTACKER_2": 0.5781034352936523,
    "W_ATTACKER_3": 1.4554240238348743,
    "W_ATTACKER_DAMAGE": -0.1749029755513052,
    "W_ATTACK_WITH_TRAINERS": -0.6665005405998383,
    "W_BENCH_ATTACKER_READY": 0.43581069243854387,
    "W_BENCH_CLEFABLE_CAPE": 4.512417699535947,
    "W_BENCH_CLEFAIRY_CAPE": 0.5978390966438769,
    "W_BENCH_ENERGY": 1.4445306762249326,
    "W_BENCH_NONA_CAPE": -6.537071167444675,
    "W_DAWN_LIVE": 0.1254206663849358,
    "W_DECK_CRIT_PENALTY": 0.133599070528555,
    "W_DECK_LOW_PENALTY": 0.6310431209948705,
    "W_DMG_PROGRESS": 8.569158313355514,
    "W_DUDUNSPARCE_HAND": 0.13015115021236534,
    "W_DUNSPARCE": 0.5497377301464472,
    "W_DUNSPARCE_ENERGY": -1.596900204042277,
    "W_ENERGY_RETRIEVAL_LIVE": 0.053957267987086784,
    "W_ENGINE_COMPLETE": 1.061578235804909,
    "W_E_A1_E1": 1.055145694074377,
    "W_E_A1_E2": 2.1614589141062543,
    "W_E_A2_E1": 0.9188360655378531,
    "W_E_A2_E2": 2.4498786779165087,
    "W_E_EXCESS": -0.23974862054222384,
    "W_HAND_TIER1": 1.09592193822641,
    "W_HAND_TIER2": 0.5723663448860024,
    "W_KO_FLAT": 15.770193824676443,
    "W_KO_PER_PRIZE": 1.0073987189239422,
    "W_MEGA_CLEFABLE_EX": 3.3101305478816827,
    "W_NIGHT_STRETCHER_LIVE": 0.5378518373528133,
    "W_NONATT_ACTIVE_LATE": -16.906366662639716,
    "W_ONE_ENERGY_AWAY": 1.1645846224278382,
    "W_OPP_BENCH_PENALTY": 0.17839276942740678,
    "W_OPP_ENERGY_IN_PLAY": -1.4852525329388395,
    "W_POKE_PAD_HAND": 0.13395478788305604,
    "W_PRIZE_DIFF": 22.693032596693588,
    "W_PRIZE_LEAD_MOMENTUM": 1.317369529215542,
    "W_PSYCHIC_IN_HAND": 0.32044407350566273,
    "W_SMOOCHUM_ACTIVE": 1.5986188466943845,
    "W_SMOOCHUM_PLAY": 0.8283542875246765,
    "W_WASTED_ENERGY": -0.4590602801298563
  }
}