{
  "generation": 2,
  "win_rate": 0.8,
  "weights": {
    "W_ACTIVE_CLEFABLE_CAPE": 1.8179161572805205,
    "W_ACTIVE_CLEFABLE_E0": -2.640951480890382,
    "W_ACTIVE_CLEFABLE_E1": 6.707583200467816,
    "W_ACTIVE_CLEFABLE_E2": 1.3985117893477907,
    "W_ACTIVE_CLEFAIRY_CAPE": 0.12358633551158893,
    "W_ACTIVE_NONA_CAPE": -4.328128811136765,
    "W_ATTACKER_1": 4.277296874585677,
    "W_ATTACKER_2": 0.5943794653426719,
    "W_ATTACKER_3": 1.2252328681880753,
    "W_ATTACKER_DAMAGE": -0.18587890290300263,
    "W_ATTACK_WITH_TRAINERS": -0.5840868091203932,
    "W_BENCH_ATTACKER_READY": 0.7493804798737438,
    "W_BENCH_CLEFABLE_CAPE": 1.6844437182324516,
    "W_BENCH_CLEFAIRY_CAPE": 0.7843300246648812,
    "W_BENCH_ENERGY": 1.0429709056957368,
    "W_BENCH_NONA_CAPE": -7.322458920053298,
    "W_DAWN_LIVE": 0.23009384467365623,
    "W_DECK_CRIT_PENALTY": 0.2788270686670475,
    "W_DECK_LOW_PENALTY": 0.3700320479323199,
    "W_DMG_PROGRESS": 6.737560145393268,
    "W_DUDUNSPARCE_HAND": 0.33186680282465525,
    "W_DUNSPARCE": 0.6216196700129956,
    "W_DUNSPARCE_ENERGY": -1.1585878609065932,
    "W_ENERGY_RETRIEVAL_LIVE": 0.088140497765644,
    "W_ENGINE_COMPLETE": 0.8051088559798482,
    "W_E_A1_E1": 1.743354598326322,
    "W_E_A1_E2": 3.3349543666758588,
    "W_E_A2_E1": 2.5833158751491916,
    "W_E_A2_E2": 1.7530517972286672,
    "W_E_EXCESS": -0.5920596068717073,
    "W_HAND_TIER1": 0.9457077128490162,
    "W_HAND_TIER2": 0.6430256013777336,
    "W_KO_FLAT": 6.786275659947078,
    "W_KO_PER_PRIZE": 1.0601268004265278,
    "W_MEGA_CLEFABLE_EX": 4.34637661021236,
    "W_NIGHT_STRETCHER_LIVE": 0.9211968688174005,
    "W_NONATT_ACTIVE_LATE": -19.320250606135282,
    "W_ONE_ENERGY_AWAY": 1.135347929108426,
    "W_OPP_BENCH_PENALTY": 0.3069258627452679,
    "W_OPP_ENERGY_IN_PLAY": -1.109590786215657,
    "W_POKE_PAD_HAND": 0.12066565485550355,
    "W_PRIZE_DIFF": 31.865912333899715,
    "W_PRIZE_LEAD_MOMENTUM": 1.218138064836079,
    "W_PSYCHIC_IN_HAND": 0.5630683329495415,
    "W_SMOOCHUM_ACTIVE": 1.954686042739633,
    "W_SMOOCHUM_PLAY": 1.6334485934335032,
    "W_WASTED_ENERGY": -0.4439416661971828
  }
}