{
  "generation": 7,
  "win_rate": 0.6,
  "weights": {
    "W_ACTIVE_CLEFABLE_CAPE": 1.8852451801290402,
    "W_ACTIVE_CLEFABLE_E0": -3.389099807214814,
    "W_ACTIVE_CLEFABLE_E1": 7.53169050085185,
    "W_ACTIVE_CLEFABLE_E2": 0.9765581900517042,
    "W_ACTIVE_CLEFAIRY_CAPE": 0.10550900894741366,
    "W_ACTIVE_NONA_CAPE": -2.2832101352449157,
    "W_ATTACKER_1": 4.766892059288221,
    "W_ATTACKER_2": 0.5931418742140511,
    "W_ATTACKER_3": 1.4956389337032236,
    "W_ATTACKER_DAMAGE": -0.18605736069684772,
    "W_ATTACK_WITH_TRAINERS": -0.6423346172414106,
    "W_BENCH_ATTACKER_READY": 0.48704780334330877,
    "W_BENCH_CLEFABLE_CAPE": 3.803304793090469,
    "W_BENCH_CLEFAIRY_CAPE": 0.5550566769676238,
    "W_BENCH_ENERGY": 1.3154907742180362,
    "W_BENCH_NONA_CAPE": -6.500491098014304,
    "W_DAWN_LIVE": 0.12757200516299072,
    "W_DECK_CRIT_PENALTY": 0.1471613442989872,
    "W_DECK_LOW_PENALTY": 0.6953943371674459,
    "W_DMG_PROGRESS": 9.77046112198253,
    "W_DUDUNSPARCE_HAND": 0.11858991149285127,
    "W_DUNSPARCE": 0.550962794365101,
    "W_DUNSPARCE_ENERGY": -1.3938434893897889,
    "W_ENERGY_RETRIEVAL_LIVE": 0.057439566126851756,
    "W_ENGINE_COMPLETE": 0.9755264244751496,
    "W_E_A1_E1": 1.07835572677919,
    "W_E_A1_E2": 1.9087897824096005,
    "W_E_A2_E1": 0.9203814447293827,
    "W_E_A2_E2": 2.2391429391296263,
    "W_E_EXCESS": -0.25195918435179226,
    "W_HAND_TIER1": 1.2320241009829682,
    "W_HAND_TIER2": 0.5646891038371153,
    "W_KO_FLAT": 16.336704458464006,
    "W_KO_PER_PRIZE": 1.0428744019435658,
    "W_MEGA_CLEFABLE_EX": 3.2334824136541878,
    "W_NIGHT_STRETCHER_LIVE": 0.5103069279874844,
    "W_NONATT_ACTIVE_LATE": -15.937476262785776,
    "W_ONE_ENERGY_AWAY": 1.103043448831953,
    "W_OPP_BENCH_PENALTY": 0.21663075205639679,
    "W_OPP_ENERGY_IN_PLAY": -1.5889266086760758,
    "W_POKE_PAD_HAND": 0.13410767331840456,
    "W_PRIZE_DIFF": 19.37116932619511,
    "W_PRIZE_LEAD_MOMENTUM": 1.4619136191535191,
    "W_PSYCHIC_IN_HAND": 0.3505316306244929,
    "W_SMOOCHUM_ACTIVE": 1.6901198200471874,
    "W_SMOOCHUM_PLAY": 0.9239409765137482,
    "W_WASTED_ENERGY": -0.41500080465105876
  }
}