{
  "generation": 1,
  "win_rate": 0.6,
  "weights": {
    "W_ACTIVE_CLEFABLE_CAPE": 1.978292576062854,
    "W_ACTIVE_CLEFABLE_E0": -2.9165206121594793,
    "W_ACTIVE_CLEFABLE_E1": 5.256427092446549,
    "W_ACTIVE_CLEFABLE_E2": 2.7636348178464187,
    "W_ACTIVE_CLEFAIRY_CAPE": 0.32584492758440803,
    "W_ACTIVE_NONA_CAPE": -3.5815208394070615,
    "W_ATTACKER_1": 2.683551880180034,
    "W_ATTACKER_2": 1.5501798112092684,
    "W_ATTACKER_3": 1.8221485849756522,
    "W_ATTACKER_DAMAGE": -0.16812266190504943,
    "W_ATTACK_WITH_TRAINERS": -0.7645444971769226,
    "W_BENCH_ATTACKER_READY": 0.6184370366350522,
    "W_BENCH_CLEFABLE_CAPE": 1.4974093121394465,
    "W_BENCH_CLEFAIRY_CAPE": 0.6784007342974272,
    "W_BENCH_ENERGY": 1.3371975121867825,
    "W_BENCH_NONA_CAPE": -5.589320836693501,
    "W_DAWN_LIVE": 0.318935981257755,
    "W_DECK_CRIT_PENALTY": 0.205350521423326,
    "W_DECK_LOW_PENALTY": 0.553393451711226,
    "W_DMG_PROGRESS": 6.078822422177861,
    "W_DUDUNSPARCE_HAND": 0.29333645247873685,
    "W_DUNSPARCE": 0.994571419025897,
    "W_DUNSPARCE_ENERGY": -0.8378891123859977,
    "W_ENERGY_RETRIEVAL_LIVE": 0.07124489376880089,
    "W_ENGINE_COMPLETE": 0.7720117786684102,
    "W_E_A1_E1": 2.6219386580686623,
    "W_E_A1_E2": 3.207054283483831,
    "W_E_A2_E1": 1.8938028404619822,
    "W_E_A2_E2": 1.2736158501830699,
    "W_E_EXCESS": -0.418888487198136,
    "W_HAND_TIER1": 0.9992130234826204,
    "W_HAND_TIER2": 0.41561445115192114,
    "W_KO_FLAT": 5.959561270154559,
    "W_KO_PER_PRIZE": 0.7069276224810135,
    "W_MEGA_CLEFABLE_EX": 2.5890514153642448,
    "W_NIGHT_STRETCHER_LIVE": 0.818667865455164,
    "W_NONATT_ACTIVE_LATE": -17.535272209295695,
    "W_ONE_ENERGY_AWAY": 1.4052498259693444,
    "W_OPP_BENCH_PENALTY": 0.5184991706689637,
    "W_OPP_ENERGY_IN_PLAY": -0.9830950242132429,
    "W_POKE_PAD_HAND": 0.10579790045826451,
    "W_PRIZE_DIFF": 19.77325922757001,
    "W_PRIZE_LEAD_MOMENTUM": 2.0116880877205237,
    "W_PSYCHIC_IN_HAND": 0.6229608505372989,
    "W_SMOOCHUM_ACTIVE": 3.0021540281877432,
    "W_SMOOCHUM_PLAY": 1.2655779783351802,
    "W_WASTED_ENERGY": -1.0509321440716028
  }
}