{
  "generation": 4,
  "win_rate": 0.7,
  "weights": {
    "W_ACTIVE_CLEFABLE_CAPE": 1.8081458755693867,
    "W_ACTIVE_CLEFABLE_E0": -2.853506709707197,
    "W_ACTIVE_CLEFABLE_E1": 9.26197022064536,
    "W_ACTIVE_CLEFABLE_E2": 1.0797795963254584,
    "W_ACTIVE_CLEFAIRY_CAPE": 0.15340695681263872,
    "W_ACTIVE_NONA_CAPE": -2.351623070844629,
    "W_ATTACKER_1": 3.775212892369221,
    "W_ATTACKER_2": 0.4897707603270537,
    "W_ATTACKER_3": 1.2877185194597738,
    "W_ATTACKER_DAMAGE": -0.2586037306910017,
    "W_ATTACK_WITH_TRAINERS": -0.6403157292471128,
    "W_BENCH_ATTACKER_READY": 0.4493652922493944,
    "W_BENCH_CLEFABLE_CAPE": 3.169011799345065,
    "W_BENCH_CLEFAIRY_CAPE": 0.4960991429968144,
    "W_BENCH_ENERGY": 1.202121640254167,
    "W_BENCH_NONA_CAPE": -5.301026547460932,
    "W_DAWN_LIVE": 0.10411377301881627,
    "W_DECK_CRIT_PENALTY": 0.21550586398496538,
    "W_DECK_LOW_PENALTY": 0.5155031301637211,
    "W_DMG_PROGRESS": 6.750004447128802,
    "W_DUDUNSPARCE_HAND": 0.19822569096727985,
    "W_DUNSPARCE": 0.5435964876499583,
    "W_DUNSPARCE_ENERGY": -1.7584370826256628,
    "W_ENERGY_RETRIEVAL_LIVE": 0.04498939602618362,
    "W_ENGINE_COMPLETE": 0.8280028772639979,
    "W_E_A1_E1": 1.0823621964229795,
    "W_E_A1_E2": 2.2136867332040504,
    "W_E_A2_E1": 0.8823491644445096,
    "W_E_A2_E2": 2.2417646555010915,
    "W_E_EXCESS": -0.2576426377073085,
    "W_HAND_TIER1": 1.4264388776800248,
    "W_HAND_TIER2": 0.5541520326175388,
    "W_KO_FLAT": 11.792694934301307,
    "W_KO_PER_PRIZE": 1.0781021606868721,
    "W_MEGA_CLEFABLE_EX": 2.8379478100068045,
    "W_NIGHT_STRETCHER_LIVE": 0.6344629951147422,
    "W_NONATT_ACTIVE_LATE": -14.335781821662048,
    "W_ONE_ENERGY_AWAY": 1.1541300809320234,
    "W_OPP_BENCH_PENALTY": 0.2429698683521277,
    "W_OPP_ENERGY_IN_PLAY": -1.552325764992296,
    "W_POKE_PAD_HAND": 0.14609445270878404,
    "W_PRIZE_DIFF": 19.045977061073543,
    "W_PRIZE_LEAD_MOMENTUM": 1.1218316420778458,
    "W_PSYCHIC_IN_HAND": 0.4036221039617886,
    "W_SMOOCHUM_ACTIVE": 1.7669615597391175,
    "W_SMOOCHUM_PLAY": 0.757969027311672,
    "W_WASTED_ENERGY": -0.6054996906673602
  }
}