{
  "generation": 6,
  "win_rate": 0.8,
  "weights": {
    "W_ACTIVE_CLEFABLE_CAPE": 1.6856418846692103,
    "W_ACTIVE_CLEFABLE_E0": -3.029503437652501,
    "W_ACTIVE_CLEFABLE_E1": 8.369992789109569,
    "W_ACTIVE_CLEFABLE_E2": 0.9941598605202956,
    "W_ACTIVE_CLEFAIRY_CAPE": 0.11822455345162308,
    "W_ACTIVE_NONA_CAPE": -2.7307515934245696,
    "W_ATTACKER_1": 4.7550140710710895,
    "W_ATTACKER_2": 0.5578166711586698,
    "W_ATTACKER_3": 1.6754875468987485,
    "W_ATTACKER_DAMAGE": -0.22423035413002287,
    "W_ATTACK_WITH_TRAINERS": -0.5200861598054657,
    "W_BENCH_ATTACKER_READY": 0.45874431366767515,
    "W_BENCH_CLEFABLE_CAPE": 3.2276774978641263,
    "W_BENCH_CLEFAIRY_CAPE": 0.5689545886647042,
    "W_BENCH_ENERGY": 1.1987242765988886,
    "W_BENCH_NONA_CAPE": -6.86736924673405,
    "W_DAWN_LIVE": 0.10176161802912134,
    "W_DECK_CRIT_PENALTY": 0.16346376624227202,
    "W_DECK_LOW_PENALTY": 0.6648871157328212,
    "W_DMG_PROGRESS": 9.223428599381897,
    "W_DUDUNSPARCE_HAND": 0.15865997953111283,
    "W_DUNSPARCE": 0.4812712683090238,
    "W_DUNSPARCE_ENERGY": -1.35747553854921,
    "W_ENERGY_RETRIEVAL_LIVE": 0.05391294873046975,
    "W_ENGINE_COMPLETE": 0.8743680295478585,
    "W_E_A1_E1": 1.139240020277216,
    "W_E_A1_E2": 2.2590894579709713,
    "W_E_A2_E1": 0.9670592723047677,
    "W_E_A2_E2": 2.0611149844461796,
    "W_E_EXCESS": -0.2550723461903642,
    "W_HAND_TIER1": 1.3651933548616522,
    "W_HAND_TIER2": 0.5387870540772767,
    "W_KO_FLAT": 13.512684171577321,
    "W_KO_PER_PRIZE": 1.2286872081516567,
    "W_MEGA_CLEFABLE_EX": 2.628646604029634,
    "W_NIGHT_STRETCHER_LIVE": 0.4901937291625451,
    "W_NONATT_ACTIVE_LATE": -15.332751286737551,
    "W_ONE_ENERGY_AWAY": 1.2468964523038741,
    "W_OPP_BENCH_PENALTY": 0.21447314718652388,
    "W_OPP_ENERGY_IN_PLAY": -1.4360971321433313,
    "W_POKE_PAD_HAND": 0.1282416159053072,
    "W_PRIZE_DIFF": 20.350237551461937,
    "W_PRIZE_LEAD_MOMENTUM": 1.2968368212486838,
    "W_PSYCHIC_IN_HAND": 0.3705822529601737,
    "W_SMOOCHUM_ACTIVE": 1.402458879085681,
    "W_SMOOCHUM_PLAY": 0.8534628342022235,
    "W_WASTED_ENERGY": -0.40966158763845706
  }
}