{
  "generation": 3,
  "win_rate": 0.7,
  "weights": {
    "W_ACTIVE_CLEFABLE_CAPE": 1.8100305973485467,
    "W_ACTIVE_CLEFABLE_E0": -2.800288052354612,
    "W_ACTIVE_CLEFABLE_E1": 9.55748050996691,
    "W_ACTIVE_CLEFABLE_E2": 0.925397442258037,
    "W_ACTIVE_CLEFAIRY_CAPE": 0.16036634965465407,
    "W_ACTIVE_NONA_CAPE": -3.2158594792083175,
    "W_ATTACKER_1": 3.6320426633762315,
    "W_ATTACKER_2": 0.5798035249837522,
    "W_ATTACKER_3": 1.0455287296117506,
    "W_ATTACKER_DAMAGE": -0.19726597405223245,
    "W_ATTACK_WITH_TRAINERS": -0.6385301932284112,
    "W_BENCH_ATTACKER_READY": 0.8246743325327353,
    "W_BENCH_CLEFABLE_CAPE": 2.1731357519405616,
    "W_BENCH_CLEFAIRY_CAPE": 0.43058765964672113,
    "W_BENCH_ENERGY": 0.8791720868845223,
    "W_BENCH_NONA_CAPE": -6.448105975582288,
    "W_DAWN_LIVE": 0.12241360564333825,
    "W_DECK_CRIT_PENALTY": 0.3077130325381968,
    "W_DECK_LOW_PENALTY": 0.44087222675964044,
    "W_DMG_PROGRESS": 5.336198843025241,
    "W_DUDUNSPARCE_HAND": 0.41470974485319656,
    "W_DUNSPARCE": 0.5493944996366411,
    "W_DUNSPARCE_ENERGY": -1.5510636230425978,
    "W_ENERGY_RETRIEVAL_LIVE": 0.09724217952637912,
    "W_ENGINE_COMPLETE": 0.7753919224919582,
    "W_E_A1_E1": 2.142560716450339,
    "W_E_A1_E2": 2.4725022047653997,
    "W_E_A2_E1": 2.1616565302595676,
    "W_E_A2_E2": 2.1468426210690064,
    "W_E_EXCESS": -0.6148202218563648,
    "W_HAND_TIER1": 1.268316581958248,
    "W_HAND_TIER2": 0.706254726002682,
    "W_KO_FLAT": 9.281307257571333,
    "W_KO_PER_PRIZE": 1.666712675776913,
    "W_MEGA_CLEFABLE_EX": 4.510871677519999,
    "W_NIGHT_STRETCHER_LIVE": 0.8149986400228783,
    "W_NONATT_ACTIVE_LATE": -16.999482852682238,
    "W_ONE_ENERGY_AWAY": 1.1450630434685747,
    "W_OPP_BENCH_PENALTY": 0.3238444848022914,
    "W_OPP_ENERGY_IN_PLAY": -1.5559727425963885,
    "W_POKE_PAD_HAND": 0.11032301682056922,
    "W_PRIZE_DIFF": 26.074513355345417,
    "W_PRIZE_LEAD_MOMENTUM": 1.450845649495911,
    "W_PSYCHIC_IN_HAND": 0.3905328881010158,
    "W_SMOOCHUM_ACTIVE": 2.215059886504907,
    "W_SMOOCHUM_PLAY": 1.516095299998784,
    "W_WASTED_ENERGY": -0.48027357783939795
  }
}