{
  "generation": 9,
  "win_rate": 0.5,
  "weights": {
    "W_ACTIVE_CLEFABLE_CAPE": 1.7852922094047394,
    "W_ACTIVE_CLEFABLE_E0": -3.212689871773149,
    "W_ACTIVE_CLEFABLE_E1": 8.255209722534026,
    "W_ACTIVE_CLEFABLE_E2": 0.9390404098969249,
    "W_ACTIVE_CLEFAIRY_CAPE": 0.11696143543880602,
    "W_ACTIVE_NONA_CAPE": -2.5354222783357696,
    "W_ATTACKER_1": 4.030877022458172,
    "W_ATTACKER_2": 0.5645288707726396,
    "W_ATTACKER_3": 1.5125245797674864,
    "W_ATTACKER_DAMAGE": -0.1605683314126253,
    "W_ATTACK_WITH_TRAINERS": -0.6497126295773424,
    "W_BENCH_ATTACKER_READY": 0.4366802239426447,
    "W_BENCH_CLEFABLE_CAPE": 4.53921352607109,
    "W_BENCH_CLEFAIRY_CAPE": 0.599708717967864,
    "W_BENCH_ENERGY": 1.464676078270372,
    "W_BENCH_NONA_CAPE": -6.084980081110269,
    "W_DAWN_LIVE": 0.1219687867454459,
    "W_DECK_CRIT_PENALTY": 0.1304500313884869,
    "W_DECK_LOW_PENALTY": 0.6530604592315464,
    "W_DMG_PROGRESS": 9.07515869183137,
    "W_DUDUNSPARCE_HAND": 0.12404681852372973,
    "W_DUNSPARCE": 0.5501572307536794,
    "W_DUNSPARCE_ENERGY": -1.7083635142005578,
    "W_ENERGY_RETRIEVAL_LIVE": 0.05127583807377805,
    "W_ENGINE_COMPLETE": 1.1120223529330027,
    "W_E_A1_E1": 1.1432966288280637,
    "W_E_A1_E2": 2.266240195328969,
    "W_E_A2_E1": 0.983591692052217,
    "W_E_A2_E2": 2.677726012864749,
    "W_E_EXCESS": -0.2522998110153689,
    "W_HAND_TIER1": 1.1653099581068178,
    "W_HAND_TIER2": 0.5468145019591703,
    "W_KO_FLAT": 16.258886912323284,
    "W_KO_PER_PRIZE": 1.0722330132654445,
    "W_MEGA_CLEFABLE_EX": 3.0132957082277567,
    "W_NIGHT_STRETCHER_LIVE": 0.5502812066931515,
    "W_NONATT_ACTIVE_LATE": -18.19578277800793,
    "W_ONE_ENERGY_AWAY": 1.1877174173200788,
    "W_OPP_BENCH_PENALTY": 0.18451028904806258,
    "W_OPP_ENERGY_IN_PLAY": -1.4667411053032373,
    "W_POKE_PAD_HAND": 0.12842335240610525,
    "W_PRIZE_DIFF": 20.279398860412094,
    "W_PRIZE_LEAD_MOMENTUM": 1.4116722522749212,
    "W_PSYCHIC_IN_HAND": 0.3339578262599762,
    "W_SMOOCHUM_ACTIVE": 1.6200668511794958,
    "W_SMOOCHUM_PLAY": 0.866390565003128,
    "W_WASTED_ENERGY": -0.4644188245331814
  }
}